# SOURMASH-MANIFEST-VERSION: 1.0
internal_location,md5,md5short,ksize,moltype,num,scaled,n_hashes,with_abundance,name,filename
signatures/0325bba8239890becf84fc38897c45c4.sig.gz,0325bba8239890becf84fc38897c45c4,0325bba8,21,DNA,0,1000,266682,1,SRR5650070,outputs.paper/trim/SRR5650070.trim.fq.gz
signatures/d89ad9947a81c967665f9a76eeb2d43f.sig.gz,d89ad9947a81c967665f9a76eeb2d43f,d89ad994,31,DNA,0,1000,290489,1,SRR5650070,outputs.paper/trim/SRR5650070.trim.fq.gz
signatures/4872c4f2762593703fba6ba1d11a49f8.sig.gz,4872c4f2762593703fba6ba1d11a49f8,4872c4f2,51,DNA,0,1000,277792,1,SRR5650070,outputs.paper/trim/SRR5650070.trim.fq.gz
